S.No,Subject,Class,Chapter No,Chapter Name,Topic Name,Subtopic Name,,Manarkeni App,,,,Youtube Video 1,,,,,Youtube Video 2,,,
,,,,,,,,Video availability in Manarkeni?,Link to the video in Manarkeni App,QR CODE to access the video,,Link to the Video,Channel Name,Time Stamp,QR CODE to access the video,,Link to the Video,Channel Name,Time Stamp,QR CODE to access the video
1,Botany,11,1,Living world ,"Attributes of living organisms

Note- *video available only for the topic Metabolism*","Attributes of living organisms
",,Yes,https://manarkeni.tnschools.gov.in/Manrkeni-home/video-list;class=11;medium=19;termId=4;subjectId=26;subjectName=Botany;chapterId=2895;chapterName=Living%20world;topicId=7320;topicName=Attributes%20%20of%20living%20world;subTopicId=6697;subTopicName=Metabolism;conceptId=20343;conceptName=Metabolism;rbcId=1911551432;rbcVideoName=b79cc590-e034-11ee-8bc5-6bd0d14fed4e.mp4;rbcConceptName=Metabolism;rbcThumbNail=c031bb70-e034-11ee-8bc5-6bd0d14fed4e.jpg;rbcVideoId=40571;RBCVideoName720p=aad9b660-e034-11ee-8bc5-6bd0d14fed4e.mp4;RBCVideoName1080p=95920500-e034-11ee-8bc5-6bd0d14fed4e.mp4;RBCClassId=11;RBCSubjectId=26,,,https://www.youtube.com/watch?v=cQPVXrV0GNA,Ameoba sisters,2:20-5:58,,,https://www.youtube.com/watch?v=Iz0Q9nTZCw4,Ameoba sisters,Entire video,
2,Botany,11,1,Living world ,Viruses,Viruses,,Yes,https://manarkeni.tnschools.gov.in/Manrkeni-home/video-list;class=11;medium=19;termId=4;subjectId=26;subjectName=Botany;chapterId=2895;chapterName=Living%20world;topicId=7090;topicName=Viruses;subTopicId=13921;subTopicName=Size%20and%20shape;conceptId=20350;conceptName=Lytic%20cycle;rbcId=1911551439;rbcVideoName=a85b9230-7c77-11ee-a9dd-b10d5af9c09e.mp4;rbcConceptName=Lytic%20cycle;rbcThumbNail=f9c9f9e0-7c77-11ee-a9dd-b10d5af9c09e.jpg;rbcVideoId=39599;RBCVideoName720p=74c712a0-7c77-11ee-a9dd-b10d5af9c09e.mp4;RBCVideoName1080p=52959030-7c77-11ee-a9dd-b10d5af9c09e.mp4;RBCClassId=11;RBCSubjectId=26,,,https://www.youtube.com/watch?v=8FqlTslU22s,Ameoba sisters,Entire video,,,https://www.youtube.com/watch?v=jkNxmTrrZSk,Vaccine Makers Project,Entire video,
,,,,,,,,,https://manarkeni.tnschools.gov.in/Manrkeni-home/video-list;class=11;medium=19;termId=4;subjectId=26;subjectName=Botany;chapterId=2895;chapterName=Living%20world;topicId=7090;topicName=Viruses;subTopicId=13921;subTopicName=Size%20and%20shape;conceptId=20351;conceptName=Lysogenic%20cycle;rbcId=1911551440;rbcVideoName=01a37310-e372-11ee-ac55-6d4790f2187c.mp4;rbcConceptName=Lysogenic%20cycle;rbcThumbNail=05ce3100-e372-11ee-ac55-6d4790f2187c.jpg;rbcVideoId=40691;RBCVideoName720p=fa847b60-e371-11ee-ac55-6d4790f2187c.mp4;RBCVideoName1080p=efaa0250-e371-11ee-ac55-6d4790f2187c.mp4;RBCClassId=11;RBCSubjectId=26,,,,,,,,https://www.youtube.com/watch?v=QHHrph7zDLw,Vaccine Makers Project,Entire video,
,,,,,,,,,,,,,,,,,https://www.youtube.com/watch?v=GFm45J8d7HI,Smile and Learn- English,Entire video,
3,Botany,11,1,Living World,Viruses,Viruses,,Yes,https://manarkeni.tnschools.gov.in/Manrkeni-home/video-list;class=11;medium=19;termId=4;subjectId=26;subjectName=Botany;chapterId=2895;chapterName=Living%20world;topicId=7090;topicName=Viruses;subTopicId=14509;subTopicName=Tobaccomosaic%20Virus%28TMV%29;conceptId=21215;conceptName=Tobaccomosaic%20Virus%28TMV%29;rbcId=1911551436;rbcVideoName=418fe610-320c-11ee-9b67-61ff7c757833.mp4;rbcConceptName=Tobaccomosaic%20Virus%28TMV%29;rbcThumbNail=4e977850-320c-11ee-9b67-61ff7c757833.jpg;rbcVideoId=37673;RBCVideoName720p=418fe610-320c-11ee-9b67-61ff7c757833.mp4;RBCVideoName1080p=418fe610-320c-11ee-9b67-61ff7c757833.mp4;RBCClassId=11;RBCSubjectId=26,,,https://www.youtube.com/watch?v=YI3tsmFsrOg,Kurzgesagt,Entire video,,,https://www.youtube.com/watch?v=V73nEGXUeBY,Biolution,Entire video,
4,Botany,11,1,Living World,Classification of living world,Classification of living world,,No,-,,,https://www.youtube.com/watch?v=oID1h-zL-uw,FuseSchool,Entire video,,,https://www.youtube.com/watch?v=hiQCCN5oisw,Study Animated,Entire video,
5,Botany,11,1,Living World,Bacteria,Bacteria,,No,-,,,https://www.youtube.com/watch?v=lzHdQ0n6o7E,FuseSchool,Entire video,,,https://www.youtube.com/watch?v=sxa46xKfIOY,Bio-Rad Laboratories,Entire video,